date,PPI
1967-02-01,27.2
1967-03-01,27.2
1967-04-01,27.2
1967-05-01,27.2
1967-06-01,27.2
1967-07-01,27.2
1967-08-01,27.2
1967-09-01,27.2
1967-10-01,27.2
1967-11-01,27.2
1967-12-01,27.2
1968-01-01,27.3
1968-02-01,27.3
1968-03-01,27.3
1968-04-01,27.3
1968-05-01,27.7
1968-06-01,27.8
1968-07-01,27.9
1968-08-01,27.9
1968-09-01,28.0
1968-10-01,28.0
1968-11-01,28.0
1968-12-01,28.0
1969-01-01,28.0
1969-02-01,28.2
1969-03-01,28.2
1969-04-01,28.6
1969-05-01,28.6
1969-06-01,28.6
1969-07-01,28.9
1969-08-01,28.9
1969-09-01,29.1
1969-10-01,29.5
1969-11-01,29.4
1969-12-01,29.4
1970-01-01,29.4
1970-02-01,29.4
1970-03-01,29.4
1970-04-01,29.7
1970-05-01,30.6
1970-06-01,30.7
1970-07-01,30.8
1970-08-01,30.8
1970-09-01,30.8
1970-10-01,30.8
1970-11-01,30.8
1970-12-01,30.8
1971-01-01,30.8
1971-02-01,31.3
1971-03-01,31.3
1971-04-01,31.7
1971-05-01,32.6
1971-06-01,32.7
1971-07-01,32.9
1971-08-01,35.0
1971-09-01,35.0
1971-10-01,35.0
1971-11-01,35.0
1971-12-01,35.0
1972-01-01,35.0
1972-02-01,35.0
1972-03-01,35.1
1972-04-01,35.2
1972-05-01,35.2
1972-06-01,35.2
1972-07-01,35.3
1972-08-01,35.3
1972-09-01,35.3
1972-10-01,35.3
1972-11-01,35.3
1972-12-01,35.3
1973-01-01,36.3
1973-02-01,36.3
1973-03-01,36.4
1973-04-01,36.5
1973-05-01,36.8
1973-06-01,36.8
1973-07-01,36.8
1973-08-01,36.8
1973-09-01,36.8
1973-10-01,36.8
1973-11-01,36.8
1973-12-01,36.8
1974-01-01,37.6
1974-02-01,38.1
1974-03-01,39.9
1974-04-01,42.3
1974-05-01,45.9
1974-06-01,47.8
1974-07-01,49.8
1974-08-01,51.5
1974-09-01,52.0
1974-10-01,52.2
1974-11-01,52.2
1974-12-01,52.2
1975-01-01,53.8
1975-02-01,54.2
1975-03-01,54.3
1975-04-01,54.2
1975-05-01,55.3
1975-06-01,55.3
1975-07-01,55.3
1975-08-01,55.3
1975-09-01,56.1
1975-10-01,56.9
1975-11-01,57.1
1975-12-01,57.1
1976-01-01,56.9
1976-02-01,56.9
1976-03-01,56.9
1976-04-01,56.9
1976-05-01,57.5
1976-06-01,58.7
1976-07-01,59.2
1976-08-01,59.2
1976-09-01,59.2
1976-10-01,59.2
1976-11-01,59.2
1976-12-01,60.0
1977-01-01,60.0
1977-02-01,60.4
1977-03-01,62.2
1977-04-01,62.3
1977-05-01,62.5
1977-06-01,62.4
1977-07-01,62.4
1977-08-01,64.1
1977-09-01,66.1
1977-10-01,66.1
1977-11-01,66.0
1977-12-01,66.1
1978-01-01,66.1
1978-02-01,67.7
1978-03-01,68.5
1978-04-01,69.2
1978-05-01,69.8
1978-06-01,69.8
1978-07-01,69.8
1978-08-01,71.4
1978-09-01,71.4
1978-10-01,71.4
1978-11-01,70.5
1978-12-01,70.6
1979-01-01,72.3
1979-02-01,72.3
1979-03-01,72.5
1979-04-01,72.3
1979-05-01,72.1
1979-06-01,72.1
1979-07-01,74.2
1979-08-01,74.0
1979-09-01,74.0
1979-10-01,74.4
1979-11-01,74.5
1979-12-01,74.5
1980-01-01,76.6
1980-02-01,76.7
1980-03-01,77.3
1980-04-01,78.3
1980-05-01,78.3
1980-06-01,79.3
1980-07-01,79.8
1980-08-01,79.9
1980-09-01,79.9
1980-10-01,80.4
1980-11-01,82.6
1980-12-01,84.2
1981-01-01,86.2
1981-02-01,86.4
1981-03-01,89.1
1981-04-01,91.0
1981-05-01,91.3
1981-06-01,91.8
1981-07-01,95.1
1981-08-01,95.8
1981-09-01,95.7
1981-10-01,98.9
1981-11-01,99.0
1981-12-01,99.2
1982-01-01,99.4
1982-02-01,99.5
1982-03-01,100.0
1982-04-01,100.0
1982-05-01,100.0
1982-06-01,100.0
1982-07-01,99.5
1982-08-01,98.5
1982-09-01,98.5
1982-10-01,98.5
1982-11-01,98.1
1982-12-01,97.9
1983-01-01,94.8
1983-02-01,92.7
1983-03-01,92.9
1983-04-01,92.7
1983-05-01,92.6
1983-06-01,92.6
1983-07-01,92.2
1983-08-01,92.2
1983-09-01,92.3
1983-10-01,93.1
1983-11-01,93.2
1983-12-01,94.8
1984-01-01,93.7
1984-02-01,95.6
1984-03-01,96.1
1984-04-01,96.1
1984-05-01,96.1
1984-06-01,96.1
1984-07-01,96.2
1984-08-01,96.4
1984-09-01,96.2
1984-10-01,96.4
1984-11-01,96.3
1984-12-01,96.4
1985-01-01,96.3
1985-02-01,96.3
1985-03-01,94.3
1985-04-01,94.4
1985-05-01,94.2
1985-06-01,93.2
1985-07-01,93.2
1985-08-01,93.2
1985-09-01,92.9
1985-10-01,92.1
1985-11-01,91.0
1985-12-01,90.9
1986-01-01,90.6
1986-02-01,90.3
1986-03-01,90.1
1986-04-01,90.0
1986-05-01,90.1
1986-06-01,90.6
1986-07-01,90.5
1986-08-01,90.5
1986-09-01,90.6
1986-10-01,89.9
1986-11-01,89.8
1986-12-01,90.2
1987-01-01,90.1
1987-02-01,90.2
1987-03-01,90.2
1987-04-01,90.2
1987-05-01,90.6
1987-06-01,91.1
1987-07-01,91.0
1987-08-01,91.2
1987-09-01,92.6
1987-10-01,94.2
1987-11-01,95.7
1987-12-01,96.6
1988-01-01,98.7
1988-02-01,100.7
1988-03-01,101.4
1988-04-01,105.6
1988-05-01,106.3
1988-06-01,107.6
1988-07-01,108.7
1988-08-01,110.3
1988-09-01,110.2
1988-10-01,109.9
1988-11-01,109.2
1988-12-01,109.1
1989-01-01,109.6
1989-02-01,111.2
1989-03-01,111.4
1989-04-01,111.7
1989-05-01,111.1
1989-06-01,111.2
1989-07-01,111.4
1989-08-01,111.3
1989-09-01,111.4
1989-10-01,111.5
1989-11-01,111.1
1989-12-01,111.2
1990-01-01,110.9
1990-02-01,111.0
1990-03-01,110.8
1990-04-01,111.6
1990-05-01,111.4
1990-06-01,111.4
1990-07-01,111.5
1990-08-01,111.6
1990-09-01,111.8
1990-10-01,111.7
1990-11-01,111.6
1990-12-01,111.7
1991-01-01,112.4
1991-02-01,112.7
1991-03-01,111.0
1991-04-01,110.9
1991-05-01,110.7
1991-06-01,110.6
1991-07-01,109.5
1991-08-01,109.4
1991-09-01,109.8
1991-10-01,107.9
1991-11-01,107.9
1991-12-01,108.4
1992-01-01,108.0
1992-02-01,107.8
1992-03-01,108.2
1992-04-01,107.5
1992-05-01,107.4
1992-06-01,107.3
1992-07-01,107.3
1992-08-01,107.3
1992-09-01,107.4
1992-10-01,108.1
1992-11-01,108.0
1992-12-01,108.0
1993-01-01,107.9
1993-02-01,108.2
1993-03-01,108.2
1993-04-01,109.6
1993-05-01,110.5
1993-06-01,110.4
1993-07-01,111.4
1993-08-01,111.4
1993-09-01,111.6
1993-10-01,112.0
1993-11-01,111.8
1993-12-01,112.4
1994-01-01,113.1
1994-02-01,114.5
1994-03-01,114.0
1994-04-01,115.2
1994-05-01,115.3
1994-06-01,115.5
1994-07-01,116.0
1994-08-01,116.2
1994-09-01,120.2
1994-10-01,120.9
1994-11-01,122.0
1994-12-01,122.1
1995-01-01,123.9
1995-02-01,125.6
1995-03-01,127.4
1995-04-01,127.7
1995-05-01,128.9
1995-06-01,127.3
1995-07-01,128.2
1995-08-01,126.6
1995-09-01,126.9
1995-10-01,127.1
1995-11-01,126.7
1995-12-01,126.6
1996-01-01,126.2
1996-02-01,126.2
1996-03-01,126.5
1996-04-01,126.0
1996-05-01,126.2
1996-06-01,125.5
1996-07-01,126.6
1996-08-01,125.8
1996-09-01,126.0
1996-10-01,127.9
1996-11-01,127.9
1996-12-01,127.7
1997-01-01,130.4
1997-02-01,130.4
1997-03-01,130.8
1997-04-01,131.3
1997-05-01,132.2
1997-06-01,132.3
1997-07-01,132.4
1997-08-01,132.5
1997-09-01,132.8
1997-10-01,133.5
1997-11-01,133.5
1997-12-01,133.6
1998-01-01,132.0
1998-02-01,135.2
1998-03-01,135.2
1998-04-01,134.6
1998-05-01,133.8
1998-06-01,133.6
1998-07-01,133.4
1998-08-01,133.0
1998-09-01,132.7
1998-10-01,132.5
1998-11-01,131.2
1998-12-01,129.6
1999-01-01,127.1
1999-02-01,126.6
1999-03-01,126.2
1999-04-01,126.1
1999-05-01,126.0
1999-06-01,126.4
1999-07-01,126.2
1999-08-01,127.0
1999-09-01,127.5
1999-10-01,127.5
1999-11-01,128.2
1999-12-01,129.2
2000-01-01,130.2
2000-02-01,130.4
2000-03-01,131.5
2000-04-01,132.3
2000-05-01,133.3
2000-06-01,133.5
2000-07-01,133.3
2000-08-01,133.0
2000-09-01,133.6
2000-10-01,134.2
2000-11-01,132.0
2000-12-01,132.0
2001-01-01,131.0
2001-02-01,129.7
2001-03-01,130.7
2001-04-01,130.2
2001-05-01,129.1
2001-06-01,129.9
2001-07-01,128.9
2001-08-01,128.7
2001-09-01,128.5
2001-10-01,127.8
2001-11-01,126.9
2001-12-01,127.1
2002-01-01,126.6
2002-02-01,126.5
2002-03-01,127.5
2002-04-01,131.8
2002-05-01,131.7
2002-06-01,134.5
2002-07-01,135.0
2002-08-01,136.2
2002-09-01,138.0
2002-10-01,139.0
2002-11-01,140.0
2002-12-01,140.5
2003-01-01,142.4
2003-02-01,144.1
2003-03-01,143.3
2003-04-01,143.6
2003-05-01,142.7
2003-06-01,142.5
2003-07-01,143.9
2003-08-01,143.7
2003-09-01,143.8
2003-10-01,145.0
2003-11-01,144.6
2003-12-01,146.1
2004-01-01,151.4
2004-02-01,162.1
2004-03-01,172.6
2004-04-01,195.1
2004-05-01,210.1
2004-06-01,224.0
2004-07-01,231.2
2004-08-01,238.6
2004-09-01,240.0
2004-10-01,242.0
2004-11-01,239.2
2004-12-01,238.6
2005-01-01,237.9
2005-02-01,236.5
2005-03-01,236.8
2005-04-01,233.8
2005-05-01,231.0
2005-06-01,226.2
2005-07-01,222.5
2005-08-01,217.3
2005-09-01,220.1
2005-10-01,224.0
2005-11-01,226.2
2005-12-01,225.7
2006-01-01,227.8
2006-02-01,225.7
2006-03-01,225.9
2006-04-01,228.0
2006-05-01,230.8
2006-06-01,234.5
2006-07-01,237.2
2006-08-01,236.7
2006-09-01,236.2
2006-10-01,241.6
2006-11-01,239.9
2006-12-01,239.2
2007-01-01,238.3
2007-02-01,234.7
2007-03-01,237.0
2007-04-01,238.9
2007-05-01,239.4
2007-06-01,237.8
2007-07-01,237.3
2007-08-01,236.2
2007-09-01,234.3
2007-10-01,234.5
2007-11-01,231.7
2007-12-01,233.9
2008-01-01,239.5
2008-02-01,248.9
2008-03-01,264.7
2008-04-01,282.7
2008-05-01,299.8
2008-06-01,317.4
2008-07-01,323.3
2008-08-01,327.4
2008-09-01,330.1
2008-10-01,331.7
2008-11-01,310.4
2008-12-01,294.3
2009-01-01,265.0
2009-02-01,257.1
2009-03-01,250.7
2009-04-01,234.3
2009-05-01,229.2
2009-06-01,220.7
2009-07-01,222.1
2009-08-01,228.0
2009-09-01,237.8
2009-10-01,240.9
2009-11-01,239.0
2009-12-01,241.0
2010-01-01,247.6
2010-02-01,253.3
2010-03-01,268.2
2010-04-01,275.5
2010-05-01,283.7
2010-06-01,284.3
2010-07-01,284.2
2010-08-01,281.8
2010-09-01,285.8
2010-10-01,284.1
2010-11-01,282.1
2010-12-01,285.2
2011-01-01,294.3
2011-02-01,312.6
2011-03-01,324.7
2011-04-01,332.0
2011-05-01,331.8
2011-06-01,327.1
2011-07-01,323.3
2011-08-01,321.6
2011-09-01,323.3
2011-10-01,323.5
2011-11-01,322.4
2011-12-01,322.2
2012-01-01,325.6
2012-02-01,331.2
2012-03-01,329.0
2012-04-01,329.5
2012-05-01,326.3
2012-06-01,322.9
2012-07-01,315.0
2012-08-01,312.8
2012-09-01,312.7
2012-10-01,309.4
2012-11-01,311.2
2012-12-01,313.6
2013-01-01,307.3
2013-02-01,302.5
2013-03-01,300.2
2013-04-01,299.2
2013-05-01,296.0
2013-06-01,294.4
2013-07-01,296.8
2013-08-01,299.2
2013-09-01,299.9
2013-10-01,298.2
2013-11-01,298.6
2013-12-01,298.3
2014-01-01,299.5
2014-02-01,299.8
2014-03-01,297.3
2014-04-01,297.3
2014-05-01,298.4
2014-06-01,301.8
2014-07-01,297.1
2014-08-01,298.2
2014-09-01,297.7
2014-10-01,298.3
2014-11-01,297.1
2014-12-01,297.0
2015-01-01,295.3
2015-02-01,290.6
2015-03-01,284.0
2015-04-01,274.3
2015-05-01,267.6
2015-06-01,265.2
2015-07-01,265.2
2015-08-01,260.9
2015-09-01,257.9
2015-10-01,252.6
2015-11-01,250.1
2015-12-01,247.6
2016-01-01,248.7
2016-02-01,248.9
2016-03-01,247.4
2016-04-01,250.2
2016-05-01,264.9
2016-06-01,264.1
2016-07-01,267.3
2016-08-01,262.3
2016-09-01,259.2
2016-10-01,253.1
2016-11-01,253.5
2016-12-01,263.0
2017-01-01,270.7
2017-02-01,279.6
2017-03-01,287.7
2017-04-01,292.1
2017-05-01,292.5
2017-06-01,288.3
2017-07-01,289.4
2017-08-01,291.7
2017-09-01,289.9
2017-10-01,288.6
2017-11-01,288.1
2017-12-01,288.6
2018-01-01,296.6
2018-02-01,288.9
2018-03-01,306.5
2018-04-01,322.9
2018-05-01,331.9
2018-06-01,342.4
2018-07-01,353.0
2018-08-01,362.2
2018-09-01,366.6
2018-10-01,362.7
2018-11-01,358.3
2018-12-01,360.4
2019-01-01,356.9
2019-02-01,352.5
2019-03-01,351.1
2019-04-01,348.4
2019-05-01,344.1
2019-06-01,340.2
2019-07-01,338.6
2019-08-01,340.2
2019-09-01,343.9
2019-10-01,343.2
2019-11-01,336.2
2019-12-01,332.7
2020-01-01,334.7
2020-02-01,336.9
2020-03-01,338.9
2020-04-01,334.7
2020-05-01,330.6
2020-06-01,323.9
2020-07-01,324.9
2020-08-01,322.8
2020-09-01,322.8
2020-10-01,328.0
2020-11-01,336.9
2020-12-01,340.1
2021-01-01,354.7
2021-02-01,370.8
2021-03-01,387.2
2021-04-01,407.4
2021-05-01,433.3
2021-06-01,472.2
2021-07-01,516.004
2021-08-01,523.262
2021-09-01,550.516
2021-10-01,567.474
2021-11-01,605.206
2021-12-01,619.251
2022-01-01,627.112
2022-02-01,640.992
2022-03-01,618.194
2022-04-01,619.181
2022-05-01,637.916
2022-06-01,638.116
2022-07-01,636.202
2022-08-01,629.63
2022-09-01,605.886
2022-10-01,592.008
2022-11-01,586.224
2022-12-01,568.119
2023-01-01,562.344
2023-02-01,536.577
2023-03-01,536.061
2023-04-01,533.877
2023-05-01,538.022
2023-06-01,511.555
2023-07-01,496.886
2023-08-01,490.231
2023-09-01,481.454
2023-10-01,480.675
2023-11-01,481.505
2023-12-01,477.581
2024-01-01,488.551
2024-02-01,494.825
2024-03-01,481.61
2024-04-01,472.665
2024-05-01,472.43
2024-06-01,463.755
2024-07-01,463.072
2024-08-01,456.97
2024-09-01,450.896
2024-10-01,452.235
2024-11-01,452.295
2024-12-01,448.686
2025-01-01,442.76
2025-02-01,439.469
2025-03-01,456.503
2025-04-01,477.283
2025-05-01,483.349
2025-06-01,485.517
